UniversityType,Year,Metric,Value
All University Types,2020,Ph.D. Male,101450
All University Types,2019,Ph.D. Male,99659
All University Types,2018,Ph.D. Male,83960
All University Types,2017,Ph.D. Male,81705
All University Types,2016,Ph.D. Male,72797
Central University,2020,Ph.D. Male,12485
Central University,2019,Ph.D. Male,13253
Central University,2018,Ph.D. Male,8618
Central University,2017,Ph.D. Male,12394
Central University,2016,Ph.D. Male,10603
Central Open University,2020,Ph.D. Male,66
Central Open University,2019,Ph.D. Male,21
Central Open University,2018,Ph.D. Male,67
Central Open University,2017,Ph.D. Male,181
Central Open University,2016,Ph.D. Male,416
Institute of National Importance,2020,Ph.D. Male,28930
Institute of National Importance,2019,Ph.D. Male,27993
Institute of National Importance,2018,Ph.D. Male,21670
Institute of National Importance,2017,Ph.D. Male,19512
Institute of National Importance,2016,Ph.D. Male,18048
Deemed University-Government,2020,Ph.D. Male,3813
Deemed University-Government,2019,Ph.D. Male,5341
Deemed University-Government,2018,Ph.D. Male,5214
Deemed University-Government,2017,Ph.D. Male,6820
Deemed University-Government,2016,Ph.D. Male,5417
State Public University,2020,Ph.D. Male,25191
State Public University,2019,Ph.D. Male,27086
State Public University,2018,Ph.D. Male,27002
State Public University,2017,Ph.D. Male,24042
State Public University,2016,Ph.D. Male,22465
State Open University,2020,Ph.D. Male,141
State Open University,2019,Ph.D. Male,112
State Open University,2018,Ph.D. Male,124
State Open University,2017,Ph.D. Male,95
State Open University,2016,Ph.D. Male,82
Institute under State Legislature Act,2020,Ph.D. Male,117
Institute under State Legislature Act,2019,Ph.D. Male,223
Institute under State Legislature Act,2018,Ph.D. Male,59
Institute under State Legislature Act,2017,Ph.D. Male,177
Institute under State Legislature Act,2016,Ph.D. Male,220
State Private University,2020,Ph.D. Male,15153
State Private University,2019,Ph.D. Male,12063
State Private University,2018,Ph.D. Male,10426
State Private University,2017,Ph.D. Male,7083
State Private University,2016,Ph.D. Male,5565
Deemed University-Government Aided,2020,Ph.D. Male,1148
Deemed University-Government Aided,2019,Ph.D. Male,997
Deemed University-Government Aided,2018,Ph.D. Male,1705
Deemed University-Government Aided,2017,Ph.D. Male,1683
Deemed University-Government Aided,2016,Ph.D. Male,1155
Deemed University-Private,2020,Ph.D. Male,14374
Deemed University-Private,2019,Ph.D. Male,12538
Deemed University-Private,2018,Ph.D. Male,9075
Deemed University-Private,2017,Ph.D. Male,9718
Deemed University-Private,2016,Ph.D. Male,8826
State Private Open University,2020,Ph.D. Male,32
State Private Open University,2019,Ph.D. Male,32
All University Types,2020,Ph.D. Female,78880
All University Types,2019,Ph.D. Female,78217
All University Types,2018,Ph.D. Female,62513
All University Types,2017,Ph.D. Female,57513
All University Types,2016,Ph.D. Female,50915
Central University,2020,Ph.D. Female,10637
Central University,2019,Ph.D. Female,10941
Central University,2018,Ph.D. Female,6854
Central University,2017,Ph.D. Female,9658
Central University,2016,Ph.D. Female,7112
Central Open University,2020,Ph.D. Female,99
Central Open University,2019,Ph.D. Female,52
Central Open University,2018,Ph.D. Female,63
Central Open University,2017,Ph.D. Female,184
Central Open University,2016,Ph.D. Female,330
Institute of National Importance,2020,Ph.D. Female,13277
Institute of National Importance,2019,Ph.D. Female,13305
Institute of National Importance,2018,Ph.D. Female,10036
Institute of National Importance,2017,Ph.D. Female,8871
Institute of National Importance,2016,Ph.D. Female,7964
Deemed University-Government,2020,Ph.D. Female,2016
Deemed University-Government,2019,Ph.D. Female,2627
Deemed University-Government,2018,Ph.D. Female,2458
Deemed University-Government,2017,Ph.D. Female,2681
Deemed University-Government,2016,Ph.D. Female,2710
State Public University,2020,Ph.D. Female,22216
State Public University,2019,Ph.D. Female,25922
State Public University,2018,Ph.D. Female,23308
State Public University,2017,Ph.D. Female,19917
State Public University,2016,Ph.D. Female,19100
State Open University,2020,Ph.D. Female,139
State Open University,2019,Ph.D. Female,71
State Open University,2018,Ph.D. Female,74
State Open University,2017,Ph.D. Female,55
State Open University,2016,Ph.D. Female,35
Institute under State Legislature Act,2020,Ph.D. Female,66
Institute under State Legislature Act,2019,Ph.D. Female,58
Institute under State Legislature Act,2018,Ph.D. Female,14
Institute under State Legislature Act,2017,Ph.D. Female,23
Institute under State Legislature Act,2016,Ph.D. Female,36
State Private University,2020,Ph.D. Female,13366
State Private University,2019,Ph.D. Female,11343
State Private University,2018,Ph.D. Female,9160
State Private University,2017,Ph.D. Female,6284
State Private University,2016,Ph.D. Female,4590
Deemed University-Government Aided,2020,Ph.D. Female,1671
Deemed University-Government Aided,2019,Ph.D. Female,1654
Deemed University-Government Aided,2018,Ph.D. Female,1889
Deemed University-Government Aided,2017,Ph.D. Female,1366
Deemed University-Government Aided,2016,Ph.D. Female,1269
Deemed University-Private,2020,Ph.D. Female,15377
Deemed University-Private,2019,Ph.D. Female,12196
Deemed University-Private,2018,Ph.D. Female,8657
Deemed University-Private,2017,Ph.D. Female,8474
Deemed University-Private,2016,Ph.D. Female,7769
State Private Open University,2020,Ph.D. Female,16
State Private Open University,2019,Ph.D. Female,48
All University Types,2020,Ph.D. Both,180330
All University Types,2019,Ph.D. Both,177876
All University Types,2018,Ph.D. Both,146473
All University Types,2017,Ph.D. Both,139218
All University Types,2016,Ph.D. Both,123712
Central University,2020,Ph.D. Both,23122
Central University,2019,Ph.D. Both,24194
Central University,2018,Ph.D. Both,15472
Central University,2017,Ph.D. Both,22052
Central University,2016,Ph.D. Both,17715
Central Open University,2020,Ph.D. Both,165
Central Open University,2019,Ph.D. Both,73
Central Open University,2018,Ph.D. Both,130
Central Open University,2017,Ph.D. Both,365
Central Open University,2016,Ph.D. Both,746
Institute of National Importance,2020,Ph.D. Both,42207
Institute of National Importance,2019,Ph.D. Both,41298
Institute of National Importance,2018,Ph.D. Both,31706
Institute of National Importance,2017,Ph.D. Both,28383
Institute of National Importance,2016,Ph.D. Both,26012
Deemed University-Government,2020,Ph.D. Both,5829
Deemed University-Government,2019,Ph.D. Both,7968
Deemed University-Government,2018,Ph.D. Both,7672
Deemed University-Government,2017,Ph.D. Both,9501
Deemed University-Government,2016,Ph.D. Both,8127
State Public University,2020,Ph.D. Both,47407
State Public University,2019,Ph.D. Both,53008
State Public University,2018,Ph.D. Both,50310
State Public University,2017,Ph.D. Both,43959
State Public University,2016,Ph.D. Both,41565
State Open University,2020,Ph.D. Both,280
State Open University,2019,Ph.D. Both,183
State Open University,2018,Ph.D. Both,198
State Open University,2017,Ph.D. Both,150
State Open University,2016,Ph.D. Both,117
Institute under State Legislature Act,2020,Ph.D. Both,183
Institute under State Legislature Act,2019,Ph.D. Both,281
Institute under State Legislature Act,2018,Ph.D. Both,73
Institute under State Legislature Act,2017,Ph.D. Both,200
Institute under State Legislature Act,2016,Ph.D. Both,256
State Private University,2020,Ph.D. Both,28519
State Private University,2019,Ph.D. Both,23406
State Private University,2018,Ph.D. Both,19586
State Private University,2017,Ph.D. Both,13367
State Private University,2016,Ph.D. Both,10155
Deemed University-Government Aided,2020,Ph.D. Both,2819
Deemed University-Government Aided,2019,Ph.D. Both,2651
Deemed University-Government Aided,2018,Ph.D. Both,3594
Deemed University-Government Aided,2017,Ph.D. Both,3049
Deemed University-Government Aided,2016,Ph.D. Both,2424
Deemed University-Private,2020,Ph.D. Both,29751
Deemed University-Private,2019,Ph.D. Both,24734
Deemed University-Private,2018,Ph.D. Both,17732
Deemed University-Private,2017,Ph.D. Both,18192
Deemed University-Private,2016,Ph.D. Both,16595
State Private Open University,2020,Ph.D. Both,48
State Private Open University,2019,Ph.D. Both,80
All University Types,2020,M.Phil. Male,4654
All University Types,2019,M.Phil. Male,6461
All University Types,2018,M.Phil. Male,7850
All University Types,2017,M.Phil. Male,7424
All University Types,2016,M.Phil. Male,10661
Central University,2020,M.Phil. Male,1294
Central University,2019,M.Phil. Male,1193
Central University,2018,M.Phil. Male,2757
Central University,2017,M.Phil. Male,1804
Central University,2016,M.Phil. Male,3987
Central Open University,2019,M.Phil. Male,1
Central Open University,2018,M.Phil. Male,11
Central Open University,2017,M.Phil. Male,32
Central Open University,2016,M.Phil. Male,38
Institute of National Importance,2020,M.Phil. Male,56
Institute of National Importance,2019,M.Phil. Male,78
Institute of National Importance,2018,M.Phil. Male,32
Institute of National Importance,2017,M.Phil. Male,39
Institute of National Importance,2016,M.Phil. Male,78
Deemed University-Government,2020,M.Phil. Male,57
Deemed University-Government,2019,M.Phil. Male,138
Deemed University-Government,2018,M.Phil. Male,202
Deemed University-Government,2017,M.Phil. Male,164
Deemed University-Government,2016,M.Phil. Male,170
State Public University,2020,M.Phil. Male,2906
State Public University,2019,M.Phil. Male,3925
State Public University,2018,M.Phil. Male,3969
State Public University,2017,M.Phil. Male,4535
State Public University,2016,M.Phil. Male,5146
State Open University,2020,M.Phil. Male,7
State Open University,2019,M.Phil. Male,14
State Private University,2020,M.Phil. Male,123
State Private University,2019,M.Phil. Male,644
State Private University,2018,M.Phil. Male,412
State Private University,2017,M.Phil. Male,333
State Private University,2016,M.Phil. Male,373
Deemed University-Government Aided,2020,M.Phil. Male,34
Deemed University-Government Aided,2019,M.Phil. Male,145
Deemed University-Government Aided,2018,M.Phil. Male,197
Deemed University-Government Aided,2017,M.Phil. Male,255
Deemed University-Government Aided,2016,M.Phil. Male,248
Deemed University-Private,2020,M.Phil. Male,177
Deemed University-Private,2019,M.Phil. Male,303
Deemed University-Private,2018,M.Phil. Male,270
Deemed University-Private,2017,M.Phil. Male,262
Deemed University-Private,2016,M.Phil. Male,621
State Private Open University,2019,M.Phil. Male,20
All University Types,2020,M.Phil. Female,7423
All University Types,2019,M.Phil. Female,9413
All University Types,2018,M.Phil. Female,10799
All University Types,2017,M.Phil. Female,10488
All University Types,2016,M.Phil. Female,14374
Central University,2020,M.Phil. Female,1127
Central University,2019,M.Phil. Female,1083
Central University,2018,M.Phil. Female,3050
Central University,2017,M.Phil. Female,1722
Central University,2016,M.Phil. Female,3987
Central Open University,2018,M.Phil. Female,13
Central Open University,2017,M.Phil. Female,24
Central Open University,2016,M.Phil. Female,45
Institute of National Importance,2020,M.Phil. Female,189
Institute of National Importance,2019,M.Phil. Female,172
Institute of National Importance,2018,M.Phil. Female,64
Institute of National Importance,2017,M.Phil. Female,46
Institute of National Importance,2016,M.Phil. Female,98
Deemed University-Government,2020,M.Phil. Female,54
Deemed University-Government,2019,M.Phil. Female,144
Deemed University-Government,2018,M.Phil. Female,158
Deemed University-Government,2017,M.Phil. Female,166
Deemed University-Government,2016,M.Phil. Female,174
State Public University,2020,M.Phil. Female,5220
State Public University,2019,M.Phil. Female,6442
State Public University,2018,M.Phil. Female,5933
State Public University,2017,M.Phil. Female,6954
State Public University,2016,M.Phil. Female,8289
State Open University,2020,M.Phil. Female,15
State Open University,2019,M.Phil. Female,11
State Private University,2020,M.Phil. Female,267
State Private University,2019,M.Phil. Female,549
State Private University,2018,M.Phil. Female,442
State Private University,2017,M.Phil. Female,442
State Private University,2016,M.Phil. Female,478
Deemed University-Government Aided,2020,M.Phil. Female,152
Deemed University-Government Aided,2019,M.Phil. Female,290
Deemed University-Government Aided,2018,M.Phil. Female,392
Deemed University-Government Aided,2017,M.Phil. Female,431
Deemed University-Government Aided,2016,M.Phil. Female,385
Deemed University-Private,2020,M.Phil. Female,399
Deemed University-Private,2019,M.Phil. Female,697
Deemed University-Private,2018,M.Phil. Female,747
Deemed University-Private,2017,M.Phil. Female,703
Deemed University-Private,2016,M.Phil. Female,918
State Private Open University,2019,M.Phil. Female,25
All University Types,2020,M.Phil. Both,12077
All University Types,2019,M.Phil. Both,15874
All University Types,2018,M.Phil. Both,18649
All University Types,2017,M.Phil. Both,17912
All University Types,2016,M.Phil. Both,25035
Central University,2020,M.Phil. Both,2421
Central University,2019,M.Phil. Both,2276
Central University,2018,M.Phil. Both,5807
Central University,2017,M.Phil. Both,3526
Central University,2016,M.Phil. Both,7974
Central Open University,2019,M.Phil. Both,1
Central Open University,2018,M.Phil. Both,24
Central Open University,2017,M.Phil. Both,56
Central Open University,2016,M.Phil. Both,83
Institute of National Importance,2020,M.Phil. Both,245
Institute of National Importance,2019,M.Phil. Both,250
Institute of National Importance,2018,M.Phil. Both,96
Institute of National Importance,2017,M.Phil. Both,85
Institute of National Importance,2016,M.Phil. Both,176
Deemed University-Government,2020,M.Phil. Both,111
Deemed University-Government,2019,M.Phil. Both,282
Deemed University-Government,2018,M.Phil. Both,360
Deemed University-Government,2017,M.Phil. Both,330
Deemed University-Government,2016,M.Phil. Both,344
State Public University,2020,M.Phil. Both,8126
State Public University,2019,M.Phil. Both,10367
State Public University,2018,M.Phil. Both,9902
State Public University,2017,M.Phil. Both,11489
State Public University,2016,M.Phil. Both,13435
State Open University,2020,M.Phil. Both,22
State Open University,2019,M.Phil. Both,25
State Private University,2020,M.Phil. Both,390
State Private University,2019,M.Phil. Both,1193
State Private University,2018,M.Phil. Both,854
State Private University,2017,M.Phil. Both,775
State Private University,2016,M.Phil. Both,851
Deemed University-Government Aided,2020,M.Phil. Both,186
Deemed University-Government Aided,2019,M.Phil. Both,435
Deemed University-Government Aided,2018,M.Phil. Both,589
Deemed University-Government Aided,2017,M.Phil. Both,686
Deemed University-Government Aided,2016,M.Phil. Both,633
Deemed University-Private,2020,M.Phil. Both,576
Deemed University-Private,2019,M.Phil. Both,1000
Deemed University-Private,2018,M.Phil. Both,1017
Deemed University-Private,2017,M.Phil. Both,965
Deemed University-Private,2016,M.Phil. Both,1539
State Private Open University,2019,M.Phil. Both,45
All University Types,2020,Post Graduate Male,1087884
All University Types,2019,Post Graduate Male,983466
All University Types,2018,Post Graduate Male,891697
All University Types,2017,Post Graduate Male,1006848
All University Types,2016,Post Graduate Male,941467
Central University,2020,Post Graduate Male,67880
Central University,2019,Post Graduate Male,63195
Central University,2018,Post Graduate Male,57351
Central University,2017,Post Graduate Male,57914
Central University,2016,Post Graduate Male,59464
Central Open University,2020,Post Graduate Male,183991
Central Open University,2019,Post Graduate Male,169982
Central Open University,2018,Post Graduate Male,153742
Central Open University,2017,Post Graduate Male,194363
Central Open University,2016,Post Graduate Male,137091
Institute of National Importance,2020,Post Graduate Male,49411
Institute of National Importance,2019,Post Graduate Male,62418
Institute of National Importance,2018,Post Graduate Male,37382
Institute of National Importance,2017,Post Graduate Male,29894
Institute of National Importance,2016,Post Graduate Male,29414
Deemed University-Government,2020,Post Graduate Male,8290
Deemed University-Government,2019,Post Graduate Male,7663
Deemed University-Government,2018,Post Graduate Male,6306
Deemed University-Government,2017,Post Graduate Male,7631
Deemed University-Government,2016,Post Graduate Male,8383
State Public University,2020,Post Graduate Male,399891
State Public University,2019,Post Graduate Male,387245
State Public University,2018,Post Graduate Male,368065
State Public University,2017,Post Graduate Male,440113
State Public University,2016,Post Graduate Male,451032
State Open University,2020,Post Graduate Male,165176
State Open University,2019,Post Graduate Male,97882
State Open University,2018,Post Graduate Male,89507
State Open University,2017,Post Graduate Male,98422
State Open University,2016,Post Graduate Male,109541
Institute under State Legislature Act,2020,Post Graduate Male,574
Institute under State Legislature Act,2019,Post Graduate Male,628
Institute under State Legislature Act,2018,Post Graduate Male,556
Institute under State Legislature Act,2017,Post Graduate Male,432
Institute under State Legislature Act,2016,Post Graduate Male,343
State Private University,2020,Post Graduate Male,137724
State Private University,2019,Post Graduate Male,129672
State Private University,2018,Post Graduate Male,120127
State Private University,2017,Post Graduate Male,117798
State Private University,2016,Post Graduate Male,81204
Deemed University-Government Aided,2020,Post Graduate Male,5885
Deemed University-Government Aided,2019,Post Graduate Male,5542
Deemed University-Government Aided,2018,Post Graduate Male,6334
Deemed University-Government Aided,2017,Post Graduate Male,8379
Deemed University-Government Aided,2016,Post Graduate Male,14982
Deemed University-Private,2020,Post Graduate Male,67998
Deemed University-Private,2019,Post Graduate Male,58752
Deemed University-Private,2018,Post Graduate Male,52327
Deemed University-Private,2017,Post Graduate Male,51892
Deemed University-Private,2016,Post Graduate Male,50003
State Private Open University,2020,Post Graduate Male,1064
State Private Open University,2019,Post Graduate Male,487
State Private Open University,2017,Post Graduate Male,10
State Private Open University,2016,Post Graduate Male,10
All University Types,2020,Post Graduate Female,1236301
All University Types,2019,Post Graduate Female,1113085
All University Types,2018,Post Graduate Female,997794
All University Types,2017,Post Graduate Female,968276
All University Types,2016,Post Graduate Female,1016658
Central University,2020,Post Graduate Female,65510
Central University,2019,Post Graduate Female,60610
Central University,2018,Post Graduate Female,51131
Central University,2017,Post Graduate Female,51820
Central University,2016,Post Graduate Female,48563
Central Open University,2020,Post Graduate Female,225191
Central Open University,2019,Post Graduate Female,226624
Central Open University,2018,Post Graduate Female,202662
Central Open University,2017,Post Graduate Female,146381
Central Open University,2016,Post Graduate Female,181202
Institute of National Importance,2020,Post Graduate Female,19698
Institute of National Importance,2019,Post Graduate Female,51405
Institute of National Importance,2018,Post Graduate Female,12819
Institute of National Importance,2017,Post Graduate Female,10626
Institute of National Importance,2016,Post Graduate Female,11916
Deemed University-Government,2020,Post Graduate Female,4613
Deemed University-Government,2019,Post Graduate Female,4793
Deemed University-Government,2018,Post Graduate Female,4171
Deemed University-Government,2017,Post Graduate Female,4099
Deemed University-Government,2016,Post Graduate Female,4031
State Public University,2020,Post Graduate Female,587200
State Public University,2019,Post Graduate Female,540175
State Public University,2018,Post Graduate Female,495889
State Public University,2017,Post Graduate Female,534821
State Public University,2016,Post Graduate Female,568594
State Open University,2020,Post Graduate Female,150134
State Open University,2019,Post Graduate Female,97968
State Open University,2018,Post Graduate Female,88333
State Open University,2017,Post Graduate Female,86079
State Open University,2016,Post Graduate Female,80947
Institute under State Legislature Act,2020,Post Graduate Female,789
Institute under State Legislature Act,2019,Post Graduate Female,595
Institute under State Legislature Act,2018,Post Graduate Female,479
Institute under State Legislature Act,2017,Post Graduate Female,245
Institute under State Legislature Act,2016,Post Graduate Female,333
State Private University,2020,Post Graduate Female,107377
State Private University,2019,Post Graduate Female,93921
State Private University,2018,Post Graduate Female,84335
State Private University,2017,Post Graduate Female,78796
State Private University,2016,Post Graduate Female,60270
Deemed University-Government Aided,2020,Post Graduate Female,7993
Deemed University-Government Aided,2019,Post Graduate Female,6900
Deemed University-Government Aided,2018,Post Graduate Female,7555
Deemed University-Government Aided,2017,Post Graduate Female,7188
Deemed University-Government Aided,2016,Post Graduate Female,14991
Deemed University-Private,2020,Post Graduate Female,66886
Deemed University-Private,2019,Post Graduate Female,59178
Deemed University-Private,2018,Post Graduate Female,50420
Deemed University-Private,2017,Post Graduate Female,48220
Deemed University-Private,2016,Post Graduate Female,45810
State Private Open University,2020,Post Graduate Female,910
State Private Open University,2019,Post Graduate Female,916
State Private Open University,2017,Post Graduate Female,1
State Private Open University,2016,Post Graduate Female,1
All University Types,2020,Post Graduate Both,2324185
All University Types,2019,Post Graduate Both,2096551
All University Types,2018,Post Graduate Both,1889491
All University Types,2017,Post Graduate Both,1975124
All University Types,2016,Post Graduate Both,1958125
Central University,2020,Post Graduate Both,133390
Central University,2019,Post Graduate Both,123805
Central University,2018,Post Graduate Both,108482
Central University,2017,Post Graduate Both,109734
Central University,2016,Post Graduate Both,108027
Central Open University,2020,Post Graduate Both,409182
Central Open University,2019,Post Graduate Both,396606
Central Open University,2018,Post Graduate Both,356404
Central Open University,2017,Post Graduate Both,340744
Central Open University,2016,Post Graduate Both,318293
Institute of National Importance,2020,Post Graduate Both,69109
Institute of National Importance,2019,Post Graduate Both,83823
Institute of National Importance,2018,Post Graduate Both,50201
Institute of National Importance,2017,Post Graduate Both,40520
Institute of National Importance,2016,Post Graduate Both,41330
Deemed University-Government,2020,Post Graduate Both,12903
Deemed University-Government,2019,Post Graduate Both,12456
Deemed University-Government,2018,Post Graduate Both,10477
Deemed University-Government,2017,Post Graduate Both,11730
Deemed University-Government,2016,Post Graduate Both,12414
State Public University,2020,Post Graduate Both,987091
State Public University,2019,Post Graduate Both,927420
State Public University,2018,Post Graduate Both,863954
State Public University,2017,Post Graduate Both,974934
State Public University,2016,Post Graduate Both,1019626
State Open University,2020,Post Graduate Both,315310
State Open University,2019,Post Graduate Both,195850
State Open University,2018,Post Graduate Both,177840
State Open University,2017,Post Graduate Both,184501
State Open University,2016,Post Graduate Both,190488
Institute under State Legislature Act,2020,Post Graduate Both,1363
Institute under State Legislature Act,2019,Post Graduate Both,1223
Institute under State Legislature Act,2018,Post Graduate Both,1035
Institute under State Legislature Act,2017,Post Graduate Both,677
Institute under State Legislature Act,2016,Post Graduate Both,676
State Private University,2020,Post Graduate Both,245101
State Private University,2019,Post Graduate Both,223593
State Private University,2018,Post Graduate Both,204462
State Private University,2017,Post Graduate Both,196594
State Private University,2016,Post Graduate Both,141474
Deemed University-Government Aided,2020,Post Graduate Both,13878
Deemed University-Government Aided,2019,Post Graduate Both,12442
Deemed University-Government Aided,2018,Post Graduate Both,13889
Deemed University-Government Aided,2017,Post Graduate Both,15567
Deemed University-Government Aided,2016,Post Graduate Both,29973
Deemed University-Private,2020,Post Graduate Both,134884
Deemed University-Private,2019,Post Graduate Both,117930
Deemed University-Private,2018,Post Graduate Both,102747
Deemed University-Private,2017,Post Graduate Both,100112
Deemed University-Private,2016,Post Graduate Both,95813
State Private Open University,2020,Post Graduate Both,1974
State Private Open University,2019,Post Graduate Both,1403
State Private Open University,2017,Post Graduate Both,11
State Private Open University,2016,Post Graduate Both,11
All University Types,2020,Under Graduate Male,3448134
All University Types,2019,Under Graduate Male,3160539
All University Types,2018,Under Graduate Male,2928657
All University Types,2017,Under Graduate Male,2796525
All University Types,2016,Under Graduate Male,2663542
Central University,2020,Under Graduate Male,266929
Central University,2019,Under Graduate Male,277315
Central University,2018,Under Graduate Male,282489
Central University,2017,Under Graduate Male,286779
Central University,2016,Under Graduate Male,292003
Central Open University,2020,Under Graduate Male,469328
Central Open University,2019,Under Graduate Male,447586
Central Open University,2018,Under Graduate Male,395161
Central Open University,2017,Under Graduate Male,338319
Central Open University,2016,Under Graduate Male,296523
Institute of National Importance,2020,Under Graduate Male,127616
Institute of National Importance,2019,Under Graduate Male,112467
Institute of National Importance,2018,Under Graduate Male,96724
Institute of National Importance,2017,Under Graduate Male,91439
Institute of National Importance,2016,Under Graduate Male,88227
Deemed University-Government,2020,Under Graduate Male,11192
Deemed University-Government,2019,Under Graduate Male,10000
Deemed University-Government,2018,Under Graduate Male,9881
Deemed University-Government,2017,Under Graduate Male,11888
Deemed University-Government,2016,Under Graduate Male,12768
State Public University,2020,Under Graduate Male,810646
State Public University,2019,Under Graduate Male,768433
State Public University,2018,Under Graduate Male,681006
State Public University,2017,Under Graduate Male,716369
State Public University,2016,Under Graduate Male,772422
State Open University,2020,Under Graduate Male,667510
State Open University,2019,Under Graduate Male,584872
State Open University,2018,Under Graduate Male,584970
State Open University,2017,Under Graduate Male,558849
State Open University,2016,Under Graduate Male,531799
Institute under State Legislature Act,2020,Under Graduate Male,1035
Institute under State Legislature Act,2019,Under Graduate Male,1389
Institute under State Legislature Act,2018,Under Graduate Male,1283
Institute under State Legislature Act,2017,Under Graduate Male,823
Institute under State Legislature Act,2016,Under Graduate Male,784
State Private University,2020,Under Graduate Male,658725
State Private University,2019,Under Graduate Male,568894
State Private University,2018,Under Graduate Male,520804
State Private University,2017,Under Graduate Male,459409
State Private University,2016,Under Graduate Male,355481
Deemed University-Government Aided,2020,Under Graduate Male,15514
Deemed University-Government Aided,2019,Under Graduate Male,16704
Deemed University-Government Aided,2018,Under Graduate Male,16337
Deemed University-Government Aided,2017,Under Graduate Male,14924
Deemed University-Government Aided,2016,Under Graduate Male,15185
Deemed University-Private,2020,Under Graduate Male,418217
Deemed University-Private,2019,Under Graduate Male,371741
Deemed University-Private,2018,Under Graduate Male,340002
Deemed University-Private,2017,Under Graduate Male,317717
Deemed University-Private,2016,Under Graduate Male,298341
State Private Open University,2020,Under Graduate Male,1422
State Private Open University,2019,Under Graduate Male,1138
State Private Open University,2017,Under Graduate Male,9
State Private Open University,2016,Under Graduate Male,9
All University Types,2020,Under Graduate Female,2320019
All University Types,2019,Under Graduate Female,2061807
All University Types,2018,Under Graduate Female,1898976
All University Types,2017,Under Graduate Female,1737629
All University Types,2016,Under Graduate Female,1749997
Central University,2020,Under Graduate Female,249701
Central University,2019,Under Graduate Female,262955
Central University,2018,Under Graduate Female,261661
Central University,2017,Under Graduate Female,273957
Central University,2016,Under Graduate Female,266055
Central Open University,2020,Under Graduate Female,271482
Central Open University,2019,Under Graduate Female,260436
Central Open University,2018,Under Graduate Female,231907
Central Open University,2017,Under Graduate Female,142411
Central Open University,2016,Under Graduate Female,159590
Institute of National Importance,2020,Under Graduate Female,39382
Institute of National Importance,2019,Under Graduate Female,32401
Institute of National Importance,2018,Under Graduate Female,26736
Institute of National Importance,2017,Under Graduate Female,25883
Institute of National Importance,2016,Under Graduate Female,25458
Deemed University-Government,2020,Under Graduate Female,5074
Deemed University-Government,2019,Under Graduate Female,4539
Deemed University-Government,2018,Under Graduate Female,4607
Deemed University-Government,2017,Under Graduate Female,4138
Deemed University-Government,2016,Under Graduate Female,4272
State Public University,2020,Under Graduate Female,737761
State Public University,2019,Under Graduate Female,629094
State Public University,2018,Under Graduate Female,577931
State Public University,2017,Under Graduate Female,584153
State Public University,2016,Under Graduate Female,678820
State Open University,2020,Under Graduate Female,398571
State Open University,2019,Under Graduate Female,338072
State Open University,2018,Under Graduate Female,324191
State Open University,2017,Under Graduate Female,296255
State Open University,2016,Under Graduate Female,283596
Institute under State Legislature Act,2020,Under Graduate Female,4283
Institute under State Legislature Act,2019,Under Graduate Female,2755
Institute under State Legislature Act,2018,Under Graduate Female,2597
Institute under State Legislature Act,2017,Under Graduate Female,1727
Institute under State Legislature Act,2016,Under Graduate Female,1861
State Private University,2020,Under Graduate Female,334585
State Private University,2019,Under Graduate Female,278146
State Private University,2018,Under Graduate Female,249851
State Private University,2017,Under Graduate Female,210774
State Private University,2016,Under Graduate Female,147775
Deemed University-Government Aided,2020,Under Graduate Female,17241
Deemed University-Government Aided,2019,Under Graduate Female,17252
Deemed University-Government Aided,2018,Under Graduate Female,17902
Deemed University-Government Aided,2017,Under Graduate Female,14832
Deemed University-Government Aided,2016,Under Graduate Female,14551
Deemed University-Private,2020,Under Graduate Female,260587
Deemed University-Private,2019,Under Graduate Female,234714
Deemed University-Private,2018,Under Graduate Female,201593
Deemed University-Private,2017,Under Graduate Female,183493
Deemed University-Private,2016,Under Graduate Female,168013
State Private Open University,2020,Under Graduate Female,1352
State Private Open University,2019,Under Graduate Female,1443
State Private Open University,2017,Under Graduate Female,6
State Private Open University,2016,Under Graduate Female,6
All University Types,2020,Under Graduate Both,5768153
All University Types,2019,Under Graduate Both,5222346
All University Types,2018,Under Graduate Both,4827633
All University Types,2017,Under Graduate Both,4534154
All University Types,2016,Under Graduate Both,4413539
Central University,2020,Under Graduate Both,516630
Central University,2019,Under Graduate Both,540270
Central University,2018,Under Graduate Both,544150
Central University,2017,Under Graduate Both,560736
Central University,2016,Under Graduate Both,558058
Central Open University,2020,Under Graduate Both,740810
Central Open University,2019,Under Graduate Both,708022
Central Open University,2018,Under Graduate Both,627068
Central Open University,2017,Under Graduate Both,480730
Central Open University,2016,Under Graduate Both,456113
Institute of National Importance,2020,Under Graduate Both,166998
Institute of National Importance,2019,Under Graduate Both,144868
Institute of National Importance,2018,Under Graduate Both,123460
Institute of National Importance,2017,Under Graduate Both,117322
Institute of National Importance,2016,Under Graduate Both,113685
Deemed University-Government,2020,Under Graduate Both,16266
Deemed University-Government,2019,Under Graduate Both,14539
Deemed University-Government,2018,Under Graduate Both,14488
Deemed University-Government,2017,Under Graduate Both,16026
Deemed University-Government,2016,Under Graduate Both,17040
State Public University,2020,Under Graduate Both,1548407
State Public University,2019,Under Graduate Both,1397527
State Public University,2018,Under Graduate Both,1258937
State Public University,2017,Under Graduate Both,1300522
State Public University,2016,Under Graduate Both,1451242
State Open University,2020,Under Graduate Both,1066081
State Open University,2019,Under Graduate Both,922944
State Open University,2018,Under Graduate Both,909161
State Open University,2017,Under Graduate Both,855104
State Open University,2016,Under Graduate Both,815395
Institute under State Legislature Act,2020,Under Graduate Both,5318
Institute under State Legislature Act,2019,Under Graduate Both,4144
Institute under State Legislature Act,2018,Under Graduate Both,3880
Institute under State Legislature Act,2017,Under Graduate Both,2550
Institute under State Legislature Act,2016,Under Graduate Both,2645
State Private University,2020,Under Graduate Both,993310
State Private University,2019,Under Graduate Both,847040
State Private University,2018,Under Graduate Both,770655
State Private University,2017,Under Graduate Both,670183
State Private University,2016,Under Graduate Both,503256
Deemed University-Government Aided,2020,Under Graduate Both,32755
Deemed University-Government Aided,2019,Under Graduate Both,33956
Deemed University-Government Aided,2018,Under Graduate Both,34239
Deemed University-Government Aided,2017,Under Graduate Both,29756
Deemed University-Government Aided,2016,Under Graduate Both,29736
Deemed University-Private,2020,Under Graduate Both,678804
Deemed University-Private,2019,Under Graduate Both,606455
Deemed University-Private,2018,Under Graduate Both,541595
Deemed University-Private,2017,Under Graduate Both,501210
Deemed University-Private,2016,Under Graduate Both,466354
State Private Open University,2020,Under Graduate Both,2774
State Private Open University,2019,Under Graduate Both,2581
State Private Open University,2017,Under Graduate Both,15
State Private Open University,2016,Under Graduate Both,15
All University Types,2020,PG Diploma Male,95077
All University Types,2019,PG Diploma Male,74632
All University Types,2018,PG Diploma Male,82634
All University Types,2017,PG Diploma Male,81900
All University Types,2016,PG Diploma Male,78041
Central University,2020,PG Diploma Male,2492
Central University,2019,PG Diploma Male,2713
Central University,2018,PG Diploma Male,2675
Central University,2017,PG Diploma Male,2132
Central University,2016,PG Diploma Male,2461
Central Open University,2020,PG Diploma Male,25544
Central Open University,2019,PG Diploma Male,18123
Central Open University,2018,PG Diploma Male,17723
Central Open University,2017,PG Diploma Male,13071
Central Open University,2016,PG Diploma Male,19162
Institute of National Importance,2020,PG Diploma Male,1230
Institute of National Importance,2019,PG Diploma Male,992
Institute of National Importance,2018,PG Diploma Male,1882
Institute of National Importance,2017,PG Diploma Male,56
Institute of National Importance,2016,PG Diploma Male,134
Deemed University-Government,2020,PG Diploma Male,597
Deemed University-Government,2019,PG Diploma Male,488
Deemed University-Government,2018,PG Diploma Male,502
Deemed University-Government,2017,PG Diploma Male,906
Deemed University-Government,2016,PG Diploma Male,813
State Public University,2020,PG Diploma Male,26444
State Public University,2019,PG Diploma Male,29517
State Public University,2018,PG Diploma Male,28839
State Public University,2017,PG Diploma Male,39379
State Public University,2016,PG Diploma Male,36591
State Open University,2020,PG Diploma Male,21874
State Open University,2019,PG Diploma Male,8266
State Open University,2018,PG Diploma Male,13861
State Open University,2017,PG Diploma Male,5863
State Open University,2016,PG Diploma Male,4767
Institute under State Legislature Act,2020,PG Diploma Male,5
Institute under State Legislature Act,2019,PG Diploma Male,26
Institute under State Legislature Act,2018,PG Diploma Male,48
Institute under State Legislature Act,2017,PG Diploma Male,26
Institute under State Legislature Act,2016,PG Diploma Male,20
State Private University,2020,PG Diploma Male,12092
State Private University,2019,PG Diploma Male,10593
State Private University,2018,PG Diploma Male,13958
State Private University,2017,PG Diploma Male,17331
State Private University,2016,PG Diploma Male,9067
Deemed University-Government Aided,2020,PG Diploma Male,391
Deemed University-Government Aided,2019,PG Diploma Male,317
Deemed University-Government Aided,2018,PG Diploma Male,230
Deemed University-Government Aided,2017,PG Diploma Male,294
Deemed University-Government Aided,2016,PG Diploma Male,675
Deemed University-Private,2020,PG Diploma Male,4408
Deemed University-Private,2019,PG Diploma Male,3546
Deemed University-Private,2018,PG Diploma Male,2916
Deemed University-Private,2017,PG Diploma Male,2842
Deemed University-Private,2016,PG Diploma Male,4351
State Private Open University,2019,PG Diploma Male,51
All University Types,2020,PG Diploma Female,73561
All University Types,2019,PG Diploma Female,63053
All University Types,2018,PG Diploma Female,67497
All University Types,2017,PG Diploma Female,71557
All University Types,2016,PG Diploma Female,58972
Central University,2020,PG Diploma Female,1885
Central University,2019,PG Diploma Female,2235
Central University,2018,PG Diploma Female,1738
Central University,2017,PG Diploma Female,1678
Central University,2016,PG Diploma Female,1555
Central Open University,2020,PG Diploma Female,14798
Central Open University,2019,PG Diploma Female,10989
Central Open University,2018,PG Diploma Female,10389
Central Open University,2017,PG Diploma Female,7938
Central Open University,2016,PG Diploma Female,8768
Institute of National Importance,2020,PG Diploma Female,510
Institute of National Importance,2019,PG Diploma Female,517
Institute of National Importance,2018,PG Diploma Female,575
Institute of National Importance,2017,PG Diploma Female,47
Institute of National Importance,2016,PG Diploma Female,81
Deemed University-Government,2020,PG Diploma Female,218
Deemed University-Government,2019,PG Diploma Female,239
Deemed University-Government,2018,PG Diploma Female,261
Deemed University-Government,2017,PG Diploma Female,394
Deemed University-Government,2016,PG Diploma Female,352
State Public University,2020,PG Diploma Female,23192
State Public University,2019,PG Diploma Female,27798
State Public University,2018,PG Diploma Female,27724
State Public University,2017,PG Diploma Female,40377
State Public University,2016,PG Diploma Female,33788
State Open University,2020,PG Diploma Female,17285
State Open University,2019,PG Diploma Female,7616
State Open University,2018,PG Diploma Female,13120
State Open University,2017,PG Diploma Female,3819
State Open University,2016,PG Diploma Female,2622
Institute under State Legislature Act,2020,PG Diploma Female,54
Institute under State Legislature Act,2019,PG Diploma Female,56
Institute under State Legislature Act,2018,PG Diploma Female,31
Institute under State Legislature Act,2017,PG Diploma Female,16
Institute under State Legislature Act,2016,PG Diploma Female,12
State Private University,2020,PG Diploma Female,11166
State Private University,2019,PG Diploma Female,10023
State Private University,2018,PG Diploma Female,11021
State Private University,2017,PG Diploma Female,14746
State Private University,2016,PG Diploma Female,8070
Deemed University-Government Aided,2020,PG Diploma Female,413
Deemed University-Government Aided,2019,PG Diploma Female,276
Deemed University-Government Aided,2018,PG Diploma Female,214
Deemed University-Government Aided,2017,PG Diploma Female,247
Deemed University-Government Aided,2016,PG Diploma Female,452
Deemed University-Private,2020,PG Diploma Female,4040
Deemed University-Private,2019,PG Diploma Female,3237
Deemed University-Private,2018,PG Diploma Female,2424
Deemed University-Private,2017,PG Diploma Female,2295
Deemed University-Private,2016,PG Diploma Female,3272
State Private Open University,2019,PG Diploma Female,67
All University Types,2020,PG Diploma Both,168638
All University Types,2019,PG Diploma Both,137685
All University Types,2018,PG Diploma Both,150131
All University Types,2017,PG Diploma Both,153457
All University Types,2016,PG Diploma Both,137013
Central University,2020,PG Diploma Both,4377
Central University,2019,PG Diploma Both,4948
Central University,2018,PG Diploma Both,4413
Central University,2017,PG Diploma Both,3810
Central University,2016,PG Diploma Both,4016
Central Open University,2020,PG Diploma Both,40342
Central Open University,2019,PG Diploma Both,29112
Central Open University,2018,PG Diploma Both,28112
Central Open University,2017,PG Diploma Both,21009
Central Open University,2016,PG Diploma Both,27930
Institute of National Importance,2020,PG Diploma Both,1740
Institute of National Importance,2019,PG Diploma Both,1509
Institute of National Importance,2018,PG Diploma Both,2457
Institute of National Importance,2017,PG Diploma Both,103
Institute of National Importance,2016,PG Diploma Both,215
Deemed University-Government,2020,PG Diploma Both,815
Deemed University-Government,2019,PG Diploma Both,727
Deemed University-Government,2018,PG Diploma Both,763
Deemed University-Government,2017,PG Diploma Both,1300
Deemed University-Government,2016,PG Diploma Both,1165
State Public University,2020,PG Diploma Both,49636
State Public University,2019,PG Diploma Both,57315
State Public University,2018,PG Diploma Both,56563
State Public University,2017,PG Diploma Both,79756
State Public University,2016,PG Diploma Both,70379
State Open University,2020,PG Diploma Both,39159
State Open University,2019,PG Diploma Both,15882
State Open University,2018,PG Diploma Both,26981
State Open University,2017,PG Diploma Both,9682
State Open University,2016,PG Diploma Both,7389
Institute under State Legislature Act,2020,PG Diploma Both,59
Institute under State Legislature Act,2019,PG Diploma Both,82
Institute under State Legislature Act,2018,PG Diploma Both,79
Institute under State Legislature Act,2017,PG Diploma Both,42
Institute under State Legislature Act,2016,PG Diploma Both,32
State Private University,2020,PG Diploma Both,23258
State Private University,2019,PG Diploma Both,20616
State Private University,2018,PG Diploma Both,24979
State Private University,2017,PG Diploma Both,32077
State Private University,2016,PG Diploma Both,17137
Deemed University-Government Aided,2020,PG Diploma Both,804
Deemed University-Government Aided,2019,PG Diploma Both,593
Deemed University-Government Aided,2018,PG Diploma Both,444
Deemed University-Government Aided,2017,PG Diploma Both,541
Deemed University-Government Aided,2016,PG Diploma Both,1127
Deemed University-Private,2020,PG Diploma Both,8448
Deemed University-Private,2019,PG Diploma Both,6783
Deemed University-Private,2018,PG Diploma Both,5340
Deemed University-Private,2017,PG Diploma Both,5137
Deemed University-Private,2016,PG Diploma Both,7623
State Private Open University,2019,PG Diploma Both,118
All University Types,2020,Diploma Male,188412
All University Types,2019,Diploma Male,171993
All University Types,2018,Diploma Male,169584
All University Types,2017,Diploma Male,175091
All University Types,2016,Diploma Male,170392
Central University,2020,Diploma Male,6165
Central University,2019,Diploma Male,6127
Central University,2018,Diploma Male,6708
Central University,2017,Diploma Male,6276
Central University,2016,Diploma Male,6710
Central Open University,2020,Diploma Male,19080
Central Open University,2019,Diploma Male,9732
Central Open University,2018,Diploma Male,9074
Central Open University,2017,Diploma Male,8143
Central Open University,2016,Diploma Male,4236
Institute of National Importance,2020,Diploma Male,355
Institute of National Importance,2019,Diploma Male,242
Institute of National Importance,2018,Diploma Male,14
Institute of National Importance,2017,Diploma Male,16
Institute of National Importance,2016,Diploma Male,14
Deemed University-Government,2020,Diploma Male,1576
Deemed University-Government,2019,Diploma Male,1609
Deemed University-Government,2018,Diploma Male,1828
Deemed University-Government,2017,Diploma Male,1818
Deemed University-Government,2016,Diploma Male,1832
State Public University,2020,Diploma Male,39121
State Public University,2019,Diploma Male,39233
State Public University,2018,Diploma Male,48627
State Public University,2017,Diploma Male,70633
State Public University,2016,Diploma Male,66830
State Open University,2020,Diploma Male,32122
State Open University,2019,Diploma Male,28729
State Open University,2018,Diploma Male,26192
State Open University,2017,Diploma Male,13351
State Open University,2016,Diploma Male,27472
Institute under State Legislature Act,2020,Diploma Male,61
Institute under State Legislature Act,2019,Diploma Male,46
Institute under State Legislature Act,2018,Diploma Male,29
Institute under State Legislature Act,2017,Diploma Male,40
Institute under State Legislature Act,2016,Diploma Male,13
State Private University,2020,Diploma Male,85036
State Private University,2019,Diploma Male,79832
State Private University,2018,Diploma Male,70940
State Private University,2017,Diploma Male,66921
State Private University,2016,Diploma Male,55293
Deemed University-Government Aided,2020,Diploma Male,2080
Deemed University-Government Aided,2019,Diploma Male,2756
Deemed University-Government Aided,2018,Diploma Male,2345
Deemed University-Government Aided,2017,Diploma Male,2181
Deemed University-Government Aided,2016,Diploma Male,2135
Deemed University-Private,2020,Diploma Male,2816
Deemed University-Private,2019,Diploma Male,3687
Deemed University-Private,2018,Diploma Male,3827
Deemed University-Private,2017,Diploma Male,5712
Deemed University-Private,2016,Diploma Male,5857
All University Types,2020,Diploma Female,124219
All University Types,2019,Diploma Female,104165
All University Types,2018,Diploma Female,93413
All University Types,2017,Diploma Female,88806
All University Types,2016,Diploma Female,76837
Central University,2020,Diploma Female,2597
Central University,2019,Diploma Female,2266
Central University,2018,Diploma Female,2004
Central University,2017,Diploma Female,2089
Central University,2016,Diploma Female,1837
Central Open University,2020,Diploma Female,42707
Central Open University,2019,Diploma Female,23299
Central Open University,2018,Diploma Female,13581
Central Open University,2017,Diploma Female,10078
Central Open University,2016,Diploma Female,8292
Institute of National Importance,2020,Diploma Female,153
Institute of National Importance,2019,Diploma Female,90
Institute of National Importance,2018,Diploma Female,58
Institute of National Importance,2017,Diploma Female,55
Institute of National Importance,2016,Diploma Female,79
Deemed University-Government,2020,Diploma Female,460
Deemed University-Government,2019,Diploma Female,515
Deemed University-Government,2018,Diploma Female,576
Deemed University-Government,2017,Diploma Female,554
Deemed University-Government,2016,Diploma Female,486
State Public University,2020,Diploma Female,23816
State Public University,2019,Diploma Female,27092
State Public University,2018,Diploma Female,30894
State Public University,2017,Diploma Female,39897
State Public University,2016,Diploma Female,36636
State Open University,2020,Diploma Female,23184
State Open University,2019,Diploma Female,22808
State Open University,2018,Diploma Female,17391
State Open University,2017,Diploma Female,8532
State Open University,2016,Diploma Female,11206
Institute under State Legislature Act,2020,Diploma Female,237
Institute under State Legislature Act,2019,Diploma Female,193
Institute under State Legislature Act,2018,Diploma Female,14
Institute under State Legislature Act,2017,Diploma Female,162
Institute under State Legislature Act,2016,Diploma Female,9
State Private University,2020,Diploma Female,28264
State Private University,2019,Diploma Female,24946
State Private University,2018,Diploma Female,25827
State Private University,2017,Diploma Female,24850
State Private University,2016,Diploma Female,15598
Deemed University-Government Aided,2020,Diploma Female,1044
Deemed University-Government Aided,2019,Diploma Female,917
Deemed University-Government Aided,2018,Diploma Female,1157
Deemed University-Government Aided,2017,Diploma Female,1061
Deemed University-Government Aided,2016,Diploma Female,1083
Deemed University-Private,2020,Diploma Female,1757
Deemed University-Private,2019,Diploma Female,2039
Deemed University-Private,2018,Diploma Female,1911
Deemed University-Private,2017,Diploma Female,1528
Deemed University-Private,2016,Diploma Female,1611
All University Types,2020,Diploma Both,312631
All University Types,2019,Diploma Both,276158
All University Types,2018,Diploma Both,262997
All University Types,2017,Diploma Both,263897
All University Types,2016,Diploma Both,247229
Central University,2020,Diploma Both,8762
Central University,2019,Diploma Both,8393
Central University,2018,Diploma Both,8712
Central University,2017,Diploma Both,8365
Central University,2016,Diploma Both,8547
Central Open University,2020,Diploma Both,61787
Central Open University,2019,Diploma Both,33031
Central Open University,2018,Diploma Both,22655
Central Open University,2017,Diploma Both,18221
Central Open University,2016,Diploma Both,12528
Institute of National Importance,2020,Diploma Both,508
Institute of National Importance,2019,Diploma Both,332
Institute of National Importance,2018,Diploma Both,72
Institute of National Importance,2017,Diploma Both,71
Institute of National Importance,2016,Diploma Both,93
Deemed University-Government,2020,Diploma Both,2036
Deemed University-Government,2019,Diploma Both,2124
Deemed University-Government,2018,Diploma Both,2404
Deemed University-Government,2017,Diploma Both,2372
Deemed University-Government,2016,Diploma Both,2318
State Public University,2020,Diploma Both,62937
State Public University,2019,Diploma Both,66325
State Public University,2018,Diploma Both,79521
State Public University,2017,Diploma Both,110530
State Public University,2016,Diploma Both,103466
State Open University,2020,Diploma Both,55306
State Open University,2019,Diploma Both,51537
State Open University,2018,Diploma Both,43583
State Open University,2017,Diploma Both,21883
State Open University,2016,Diploma Both,38678
Institute under State Legislature Act,2020,Diploma Both,298
Institute under State Legislature Act,2019,Diploma Both,239
Institute under State Legislature Act,2018,Diploma Both,43
Institute under State Legislature Act,2017,Diploma Both,202
Institute under State Legislature Act,2016,Diploma Both,22
State Private University,2020,Diploma Both,113300
State Private University,2019,Diploma Both,104778
State Private University,2018,Diploma Both,96767
State Private University,2017,Diploma Both,91771
State Private University,2016,Diploma Both,70891
Deemed University-Government Aided,2020,Diploma Both,3124
Deemed University-Government Aided,2019,Diploma Both,3673
Deemed University-Government Aided,2018,Diploma Both,3502
Deemed University-Government Aided,2017,Diploma Both,3242
Deemed University-Government Aided,2016,Diploma Both,3218
Deemed University-Private,2020,Diploma Both,4573
Deemed University-Private,2019,Diploma Both,5726
Deemed University-Private,2018,Diploma Both,5738
Deemed University-Private,2017,Diploma Both,7240
Deemed University-Private,2016,Diploma Both,7468
All University Types,2020,Certificate Male,50842
All University Types,2019,Certificate Male,32798
All University Types,2018,Certificate Male,30118
All University Types,2017,Certificate Male,29307
All University Types,2016,Certificate Male,40433
Central University,2020,Certificate Male,2529
Central University,2019,Certificate Male,3275
Central University,2018,Certificate Male,3207
Central University,2017,Certificate Male,2347
Central University,2016,Certificate Male,2641
Central Open University,2019,Certificate Male,223
Central Open University,2018,Certificate Male,383
Central Open University,2017,Certificate Male,55
Central Open University,2016,Certificate Male,159
Institute of National Importance,2020,Certificate Male,2036
Institute of National Importance,2019,Certificate Male,1775
Institute of National Importance,2018,Certificate Male,1793
Institute of National Importance,2017,Certificate Male,9
Institute of National Importance,2016,Certificate Male,11
Deemed University-Government,2020,Certificate Male,494
Deemed University-Government,2019,Certificate Male,374
Deemed University-Government,2018,Certificate Male,354
Deemed University-Government,2017,Certificate Male,353
Deemed University-Government,2016,Certificate Male,334
State Public University,2020,Certificate Male,9205
State Public University,2019,Certificate Male,10200
State Public University,2018,Certificate Male,13639
State Public University,2017,Certificate Male,14790
State Public University,2016,Certificate Male,10921
State Open University,2020,Certificate Male,24465
State Open University,2019,Certificate Male,12800
State Open University,2018,Certificate Male,8656
State Open University,2017,Certificate Male,9168
State Open University,2016,Certificate Male,24153
Institute under State Legislature Act,2020,Certificate Male,43
Institute under State Legislature Act,2019,Certificate Male,38
Institute under State Legislature Act,2018,Certificate Male,4
Institute under State Legislature Act,2017,Certificate Male,25
Institute under State Legislature Act,2016,Certificate Male,25
State Private University,2020,Certificate Male,11254
State Private University,2019,Certificate Male,3164
State Private University,2018,Certificate Male,358
State Private University,2017,Certificate Male,712
State Private University,2016,Certificate Male,418
Deemed University-Government Aided,2020,Certificate Male,213
Deemed University-Government Aided,2019,Certificate Male,803
Deemed University-Government Aided,2018,Certificate Male,1565
Deemed University-Government Aided,2017,Certificate Male,1723
Deemed University-Government Aided,2016,Certificate Male,1485
Deemed University-Private,2020,Certificate Male,603
Deemed University-Private,2019,Certificate Male,146
Deemed University-Private,2018,Certificate Male,159
Deemed University-Private,2017,Certificate Male,125
Deemed University-Private,2016,Certificate Male,286
All University Types,2020,Certificate Female,33396
All University Types,2019,Certificate Female,28051
All University Types,2018,Certificate Female,29173
All University Types,2017,Certificate Female,38717
All University Types,2016,Certificate Female,25260
Central University,2020,Certificate Female,1296
Central University,2019,Certificate Female,1497
Central University,2018,Certificate Female,1261
Central University,2017,Certificate Female,1244
Central University,2016,Certificate Female,1144
Central Open University,2019,Certificate Female,268
Central Open University,2018,Certificate Female,305
Central Open University,2017,Certificate Female,95
Central Open University,2016,Certificate Female,94
Institute of National Importance,2020,Certificate Female,740
Institute of National Importance,2019,Certificate Female,567
Institute of National Importance,2018,Certificate Female,544
Institute of National Importance,2017,Certificate Female,6
Institute of National Importance,2016,Certificate Female,6
Deemed University-Government,2020,Certificate Female,251
Deemed University-Government,2019,Certificate Female,187
Deemed University-Government,2018,Certificate Female,118
Deemed University-Government,2017,Certificate Female,101
Deemed University-Government,2016,Certificate Female,98
State Public University,2020,Certificate Female,15599
State Public University,2019,Certificate Female,14557
State Public University,2018,Certificate Female,16851
State Public University,2017,Certificate Female,25917
State Public University,2016,Certificate Female,17697
State Open University,2020,Certificate Female,14114
State Open University,2019,Certificate Female,8839
State Open University,2018,Certificate Female,8328
State Open University,2017,Certificate Female,9595
State Open University,2016,Certificate Female,4592
Institute under State Legislature Act,2020,Certificate Female,43
Institute under State Legislature Act,2019,Certificate Female,45
Institute under State Legislature Act,2018,Certificate Female,1
Institute under State Legislature Act,2017,Certificate Female,13
Institute under State Legislature Act,2016,Certificate Female,13
State Private University,2020,Certificate Female,421
State Private University,2019,Certificate Female,1197
State Private University,2018,Certificate Female,272
State Private University,2017,Certificate Female,285
State Private University,2016,Certificate Female,84
Deemed University-Government Aided,2020,Certificate Female,121
Deemed University-Government Aided,2019,Certificate Female,702
Deemed University-Government Aided,2018,Certificate Female,1260
Deemed University-Government Aided,2017,Certificate Female,1298
Deemed University-Government Aided,2016,Certificate Female,1242
Deemed University-Private,2020,Certificate Female,811
Deemed University-Private,2019,Certificate Female,192
Deemed University-Private,2018,Certificate Female,233
Deemed University-Private,2017,Certificate Female,163
Deemed University-Private,2016,Certificate Female,290
All University Types,2020,Certificate Both,84238
All University Types,2019,Certificate Both,60849
All University Types,2018,Certificate Both,59291
All University Types,2017,Certificate Both,68024
All University Types,2016,Certificate Both,65693
Central University,2020,Certificate Both,3825
Central University,2019,Certificate Both,4772
Central University,2018,Certificate Both,4468
Central University,2017,Certificate Both,3591
Central University,2016,Certificate Both,3785
Central Open University,2019,Certificate Both,491
Central Open University,2018,Certificate Both,688
Central Open University,2017,Certificate Both,150
Central Open University,2016,Certificate Both,253
Institute of National Importance,2020,Certificate Both,2776
Institute of National Importance,2019,Certificate Both,2342
Institute of National Importance,2018,Certificate Both,2337
Institute of National Importance,2017,Certificate Both,15
Institute of National Importance,2016,Certificate Both,17
Deemed University-Government,2020,Certificate Both,745
Deemed University-Government,2019,Certificate Both,561
Deemed University-Government,2018,Certificate Both,472
Deemed University-Government,2017,Certificate Both,454
Deemed University-Government,2016,Certificate Both,432
State Public University,2020,Certificate Both,24804
State Public University,2019,Certificate Both,24757
State Public University,2018,Certificate Both,30490
State Public University,2017,Certificate Both,40707
State Public University,2016,Certificate Both,28618
State Open University,2020,Certificate Both,38579
State Open University,2019,Certificate Both,21639
State Open University,2018,Certificate Both,16984
State Open University,2017,Certificate Both,18763
State Open University,2016,Certificate Both,28745
Institute under State Legislature Act,2020,Certificate Both,86
Institute under State Legislature Act,2019,Certificate Both,83
Institute under State Legislature Act,2018,Certificate Both,5
Institute under State Legislature Act,2017,Certificate Both,38
Institute under State Legislature Act,2016,Certificate Both,38
State Private University,2020,Certificate Both,11675
State Private University,2019,Certificate Both,4361
State Private University,2018,Certificate Both,630
State Private University,2017,Certificate Both,997
State Private University,2016,Certificate Both,502
Deemed University-Government Aided,2020,Certificate Both,334
Deemed University-Government Aided,2019,Certificate Both,1505
Deemed University-Government Aided,2018,Certificate Both,2825
Deemed University-Government Aided,2017,Certificate Both,3021
Deemed University-Government Aided,2016,Certificate Both,2727
Deemed University-Private,2020,Certificate Both,1414
Deemed University-Private,2019,Certificate Both,338
Deemed University-Private,2018,Certificate Both,392
Deemed University-Private,2017,Certificate Both,288
Deemed University-Private,2016,Certificate Both,576
All University Types,2020,Integrated Male,102031
All University Types,2019,Integrated Male,87722
All University Types,2018,Integrated Male,77518
All University Types,2017,Integrated Male,67630
All University Types,2016,Integrated Male,60963
Central University,2020,Integrated Male,6316
Central University,2019,Integrated Male,6295
Central University,2018,Integrated Male,6982
Central University,2017,Integrated Male,6282
Central University,2016,Integrated Male,6082
Institute of National Importance,2020,Integrated Male,17467
Institute of National Importance,2019,Integrated Male,14819
Institute of National Importance,2018,Integrated Male,14255
Institute of National Importance,2017,Integrated Male,13337
Institute of National Importance,2016,Integrated Male,12205
Deemed University-Government,2020,Integrated Male,973
Deemed University-Government,2019,Integrated Male,839
Deemed University-Government,2018,Integrated Male,625
Deemed University-Government,2017,Integrated Male,935
Deemed University-Government,2016,Integrated Male,1649
State Public University,2020,Integrated Male,25096
State Public University,2019,Integrated Male,22021
State Public University,2018,Integrated Male,20421
State Public University,2017,Integrated Male,19453
State Public University,2016,Integrated Male,18292
State Private University,2020,Integrated Male,34237
State Private University,2019,Integrated Male,28845
State Private University,2018,Integrated Male,22477
State Private University,2017,Integrated Male,16837
State Private University,2016,Integrated Male,13664
Deemed University-Government Aided,2020,Integrated Male,703
Deemed University-Government Aided,2019,Integrated Male,384
Deemed University-Government Aided,2018,Integrated Male,250
Deemed University-Government Aided,2017,Integrated Male,29
Deemed University-Government Aided,2016,Integrated Male,9
Deemed University-Private,2020,Integrated Male,17239
Deemed University-Private,2019,Integrated Male,14519
Deemed University-Private,2018,Integrated Male,12508
Deemed University-Private,2017,Integrated Male,10757
Deemed University-Private,2016,Integrated Male,9062
All University Types,2020,Integrated Female,75909
All University Types,2019,Integrated Female,63307
All University Types,2018,Integrated Female,54612
All University Types,2017,Integrated Female,45981
All University Types,2016,Integrated Female,40975
Central University,2020,Integrated Female,4933
Central University,2019,Integrated Female,5072
Central University,2018,Integrated Female,6096
Central University,2017,Integrated Female,5583
Central University,2016,Integrated Female,5214
Institute of National Importance,2020,Integrated Female,5463
Institute of National Importance,2019,Integrated Female,4095
Institute of National Importance,2018,Integrated Female,3847
Institute of National Importance,2017,Integrated Female,3361
Institute of National Importance,2016,Integrated Female,2931
Deemed University-Government,2020,Integrated Female,224
Deemed University-Government,2019,Integrated Female,231
Deemed University-Government,2018,Integrated Female,235
Deemed University-Government,2017,Integrated Female,273
Deemed University-Government,2016,Integrated Female,670
State Public University,2020,Integrated Female,24576
State Public University,2019,Integrated Female,19733
State Public University,2018,Integrated Female,17506
State Public University,2017,Integrated Female,15283
State Public University,2016,Integrated Female,14712
State Private University,2020,Integrated Female,25879
State Private University,2019,Integrated Female,22369
State Private University,2018,Integrated Female,16683
State Private University,2017,Integrated Female,13128
State Private University,2016,Integrated Female,10459
Deemed University-Government Aided,2020,Integrated Female,729
Deemed University-Government Aided,2019,Integrated Female,530
Deemed University-Government Aided,2018,Integrated Female,388
Deemed University-Government Aided,2017,Integrated Female,103
Deemed University-Government Aided,2016,Integrated Female,54
Deemed University-Private,2020,Integrated Female,14105
Deemed University-Private,2019,Integrated Female,11277
Deemed University-Private,2018,Integrated Female,9857
Deemed University-Private,2017,Integrated Female,8250
Deemed University-Private,2016,Integrated Female,6935
All University Types,2020,Integrated Both,177940
All University Types,2019,Integrated Both,151029
All University Types,2018,Integrated Both,132130
All University Types,2017,Integrated Both,113611
All University Types,2016,Integrated Both,101938
Central University,2020,Integrated Both,11249
Central University,2019,Integrated Both,11367
Central University,2018,Integrated Both,13078
Central University,2017,Integrated Both,11865
Central University,2016,Integrated Both,11296
Institute of National Importance,2020,Integrated Both,22930
Institute of National Importance,2019,Integrated Both,18914
Institute of National Importance,2018,Integrated Both,18102
Institute of National Importance,2017,Integrated Both,16698
Institute of National Importance,2016,Integrated Both,15136
Deemed University-Government,2020,Integrated Both,1197
Deemed University-Government,2019,Integrated Both,1070
Deemed University-Government,2018,Integrated Both,860
Deemed University-Government,2017,Integrated Both,1208
Deemed University-Government,2016,Integrated Both,2319
State Public University,2020,Integrated Both,49672
State Public University,2019,Integrated Both,41754
State Public University,2018,Integrated Both,37927
State Public University,2017,Integrated Both,34736
State Public University,2016,Integrated Both,33004
State Private University,2020,Integrated Both,60116
State Private University,2019,Integrated Both,51214
State Private University,2018,Integrated Both,39160
State Private University,2017,Integrated Both,29965
State Private University,2016,Integrated Both,24123
Deemed University-Government Aided,2020,Integrated Both,1432
Deemed University-Government Aided,2019,Integrated Both,914
Deemed University-Government Aided,2018,Integrated Both,638
Deemed University-Government Aided,2017,Integrated Both,132
Deemed University-Government Aided,2016,Integrated Both,63
Deemed University-Private,2020,Integrated Both,31344
Deemed University-Private,2019,Integrated Both,25796
Deemed University-Private,2018,Integrated Both,22365
Deemed University-Private,2017,Integrated Both,19007
Deemed University-Private,2016,Integrated Both,15997
All University Types,2020,Grand Total Male,5078484
All University Types,2019,Grand Total Male,4617270
All University Types,2018,Grand Total Male,4272018
All University Types,2017,Grand Total Male,4246430
All University Types,2016,Grand Total Male,4038296
Central University,2020,Grand Total Male,366090
Central University,2019,Grand Total Male,373366
Central University,2018,Grand Total Male,370787
Central University,2017,Grand Total Male,375928
Central University,2016,Grand Total Male,383951
Central Open University,2020,Grand Total Male,698009
Central Open University,2019,Grand Total Male,645668
Central Open University,2018,Grand Total Male,576161
Central Open University,2017,Grand Total Male,554164
Central Open University,2016,Grand Total Male,457625
Institute of National Importance,2020,Grand Total Male,227101
Institute of National Importance,2019,Grand Total Male,220784
Institute of National Importance,2018,Grand Total Male,173752
Institute of National Importance,2017,Grand Total Male,154302
Institute of National Importance,2016,Grand Total Male,148131
Deemed University-Government,2020,Grand Total Male,26992
Deemed University-Government,2019,Grand Total Male,26452
Deemed University-Government,2018,Grand Total Male,24912
Deemed University-Government,2017,Grand Total Male,30515
Deemed University-Government,2016,Grand Total Male,31366
State Public University,2020,Grand Total Male,1338500
State Public University,2019,Grand Total Male,1287660
State Public University,2018,Grand Total Male,1191568
State Public University,2017,Grand Total Male,1329314
State Public University,2016,Grand Total Male,1383699
State Open University,2020,Grand Total Male,911295
State Open University,2019,Grand Total Male,732675
State Open University,2018,Grand Total Male,723310
State Open University,2017,Grand Total Male,685748
State Open University,2016,Grand Total Male,697814
Institute under State Legislature Act,2020,Grand Total Male,1835
Institute under State Legislature Act,2019,Grand Total Male,2350
Institute under State Legislature Act,2018,Grand Total Male,1979
Institute under State Legislature Act,2017,Grand Total Male,1523
Institute under State Legislature Act,2016,Grand Total Male,1405
State Private University,2020,Grand Total Male,954344
State Private University,2019,Grand Total Male,833707
State Private University,2018,Grand Total Male,759502
State Private University,2017,Grand Total Male,686424
State Private University,2016,Grand Total Male,521065
Deemed University-Government Aided,2020,Grand Total Male,25968
Deemed University-Government Aided,2019,Grand Total Male,27648
Deemed University-Government Aided,2018,Grand Total Male,28963
Deemed University-Government Aided,2017,Grand Total Male,29468
Deemed University-Government Aided,2016,Grand Total Male,35874
Deemed University-Private,2020,Grand Total Male,525832
Deemed University-Private,2019,Grand Total Male,465232
Deemed University-Private,2018,Grand Total Male,421084
Deemed University-Private,2017,Grand Total Male,399025
Deemed University-Private,2016,Grand Total Male,377347
State Private Open University,2020,Grand Total Male,2518
State Private Open University,2019,Grand Total Male,1728
State Private Open University,2017,Grand Total Male,19
State Private Open University,2016,Grand Total Male,19
All University Types,2020,Grand Total Female,3949708
All University Types,2019,Grand Total Female,3521098
All University Types,2018,Grand Total Female,3214777
All University Types,2017,Grand Total Female,3018967
All University Types,2016,Grand Total Female,3033988
Central University,2020,Grand Total Female,337686
Central University,2019,Grand Total Female,346659
Central University,2018,Grand Total Female,333795
Central University,2017,Grand Total Female,347751
Central University,2016,Grand Total Female,335467
Central Open University,2020,Grand Total Female,554277
Central Open University,2019,Grand Total Female,521668
Central Open University,2018,Grand Total Female,458920
Central Open University,2017,Grand Total Female,307111
Central Open University,2016,Grand Total Female,358321
Institute of National Importance,2020,Grand Total Female,79412
Institute of National Importance,2019,Grand Total Female,72552
Institute of National Importance,2018,Grand Total Female,54679
Institute of National Importance,2017,Grand Total Female,48895
Institute of National Importance,2016,Grand Total Female,48533
Deemed University-Government,2020,Grand Total Female,12910
Deemed University-Government,2019,Grand Total Female,13275
Deemed University-Government,2018,Grand Total Female,12584
Deemed University-Government,2017,Grand Total Female,12406
Deemed University-Government,2016,Grand Total Female,12793
State Public University,2020,Grand Total Female,1439580
State Public University,2019,Grand Total Female,1290813
State Public University,2018,Grand Total Female,1196036
State Public University,2017,Grand Total Female,1267319
State Public University,2016,Grand Total Female,1377636
State Open University,2020,Grand Total Female,603442
State Open University,2019,Grand Total Female,475385
State Open University,2018,Grand Total Female,451437
State Open University,2017,Grand Total Female,404335
State Open University,2016,Grand Total Female,382998
Institute under State Legislature Act,2020,Grand Total Female,5472
Institute under State Legislature Act,2019,Grand Total Female,3702
Institute under State Legislature Act,2018,Grand Total Female,3136
Institute under State Legislature Act,2017,Grand Total Female,2186
Institute under State Legislature Act,2016,Grand Total Female,2264
State Private University,2020,Grand Total Female,521325
State Private University,2019,Grand Total Female,442494
State Private University,2018,Grand Total Female,397591
State Private University,2017,Grand Total Female,349305
State Private University,2016,Grand Total Female,247324
Deemed University-Government Aided,2020,Grand Total Female,29364
Deemed University-Government Aided,2019,Grand Total Female,28521
Deemed University-Government Aided,2018,Grand Total Female,30757
Deemed University-Government Aided,2017,Grand Total Female,26526
Deemed University-Government Aided,2016,Grand Total Female,34027
Deemed University-Private,2020,Grand Total Female,363962
Deemed University-Private,2019,Grand Total Female,323530
Deemed University-Private,2018,Grand Total Female,275842
Deemed University-Private,2017,Grand Total Female,253126
Deemed University-Private,2016,Grand Total Female,234618
State Private Open University,2020,Grand Total Female,2278
State Private Open University,2019,Grand Total Female,2499
State Private Open University,2017,Grand Total Female,7
State Private Open University,2016,Grand Total Female,7
All University Types,2020,Grand Total Both,9028192
All University Types,2019,Grand Total Both,8138368
All University Types,2018,Grand Total Both,7486795
All University Types,2017,Grand Total Both,7265397
All University Types,2016,Grand Total Both,7072284
Central University,2020,Grand Total Both,703776
Central University,2019,Grand Total Both,720025
Central University,2018,Grand Total Both,704582
Central University,2017,Grand Total Both,723679
Central University,2016,Grand Total Both,719418
Central Open University,2020,Grand Total Both,1252286
Central Open University,2019,Grand Total Both,1167336
Central Open University,2018,Grand Total Both,1035081
Central Open University,2017,Grand Total Both,861275
Central Open University,2016,Grand Total Both,815946
Institute of National Importance,2020,Grand Total Both,306513
Institute of National Importance,2019,Grand Total Both,293336
Institute of National Importance,2018,Grand Total Both,228431
Institute of National Importance,2017,Grand Total Both,203197
Institute of National Importance,2016,Grand Total Both,196664
Deemed University-Government,2020,Grand Total Both,39902
Deemed University-Government,2019,Grand Total Both,39727
Deemed University-Government,2018,Grand Total Both,37496
Deemed University-Government,2017,Grand Total Both,42921
Deemed University-Government,2016,Grand Total Both,44159
State Public University,2020,Grand Total Both,2778080
State Public University,2019,Grand Total Both,2578473
State Public University,2018,Grand Total Both,2387604
State Public University,2017,Grand Total Both,2596633
State Public University,2016,Grand Total Both,2761335
State Open University,2020,Grand Total Both,1514737
State Open University,2019,Grand Total Both,1208060
State Open University,2018,Grand Total Both,1174747
State Open University,2017,Grand Total Both,1090083
State Open University,2016,Grand Total Both,1080812
Institute under State Legislature Act,2020,Grand Total Both,7307
Institute under State Legislature Act,2019,Grand Total Both,6052
Institute under State Legislature Act,2018,Grand Total Both,5115
Institute under State Legislature Act,2017,Grand Total Both,3709
Institute under State Legislature Act,2016,Grand Total Both,3669
State Private University,2020,Grand Total Both,1475669
State Private University,2019,Grand Total Both,1276201
State Private University,2018,Grand Total Both,1157093
State Private University,2017,Grand Total Both,1035729
State Private University,2016,Grand Total Both,768389
Deemed University-Government Aided,2020,Grand Total Both,55332
Deemed University-Government Aided,2019,Grand Total Both,56169
Deemed University-Government Aided,2018,Grand Total Both,59720
Deemed University-Government Aided,2017,Grand Total Both,55994
Deemed University-Government Aided,2016,Grand Total Both,69901
Deemed University-Private,2020,Grand Total Both,889794
Deemed University-Private,2019,Grand Total Both,788762
Deemed University-Private,2018,Grand Total Both,696926
Deemed University-Private,2017,Grand Total Both,652151
Deemed University-Private,2016,Grand Total Both,611965
State Private Open University,2020,Grand Total Both,4796
State Private Open University,2019,Grand Total Both,4227
State Private Open University,2017,Grand Total Both,26
State Private Open University,2016,Grand Total Both,26
